﻿<?xml version="1.0" encoding="utf-8"?>
<Package xmlns="http://schemas.microsoft.com/appx/2010/manifest">
  <Identity Name="de8c86d4-047d-4233-834f-d518ed9b5e56" Version="1.0.0.0" Publisher="CN=markieshorty-2" ProcessorArchitecture="neutral" />
  <Properties>
    <DisplayName>TrafficCameraMetroApp</DisplayName>
    <Description>TrafficCameraMetroApp</Description>
    <PublisherDisplayName>markieshorty-2</PublisherDisplayName>
    <Logo>images\car.png</Logo>
  </Properties>
  <Prerequisites>
    <OSMinVersion>6.2</OSMinVersion>
    <OSMaxVersionTested>6.2</OSMaxVersionTested>
  </Prerequisites>
  <Resources>
    <Resource Language="en-US" />
  </Resources>
  <Applications>
    <Application Id="App" StartPage="default.html">
      <VisualElements DisplayName="Traffic Cameras" Logo="images\logo2.png" SmallLogo="images\car.png" Description="TrafficCameraMetroApp" ForegroundText="light" BackgroundColor="#000000">
        <DefaultTile ShowName="true" />
        <SplashScreen Image="images\car.png" />
      </VisualElements>
    </Application>
  </Applications>
  <Capabilities>
    <Capability Name="internetClient" />
  </Capabilities>
</Package>