﻿<?xml version="1.0" encoding="utf-8"?>
<resources>
  <index root="\" startIndexAt="bld\de8c86d4-047d-4233-834f-d518ed9b5e56\layout.resfiles">
    <default>
      <qualifier name="language" value="en-us" />
      <qualifier name="contrast" value="standard" />
      <qualifier name="homeregion" value="001" />
    </default>
    <indexer-config type="RESFILES" qualifierDelimiter="." />
  </index>
  <index root="\" startIndexAt="bld\de8c86d4-047d-4233-834f-d518ed9b5e56\resources.resfiles">
    <default>
      <qualifier name="language" value="en-us" />
      <qualifier name="contrast" value="standard" />
      <qualifier name="homeregion" value="001" />
    </default>
    <indexer-config type="RESW" convertDotsToSlashes="true" />
    <indexer-config type="RESJSON" />
    <indexer-config type="RESFILES" qualifierDelimiter="." />
  </index>
</resources>